{
  "source_tree_id": 18678,
  "sample_id": "18678_30",
  "species": "Fagus_sylvatica",
  "height_m": 2.492003917694092,
  "histogram_jsd": 0.3274922614487564,
  "global_median_hjsd": 0.21644702443315744
}